request_id,requester_received_pizza
t3_i8iy4,0.156745
t3_1mfqi0,0.190173
t3_mmivq,0.184281
t3_uwwyl,0.201428
t3_iug9n,0.161895
t3_1ewdrb,0.225063
t3_tdu8m,0.379244
t3_k91wr,0.270381
t3_r0h5h,0.173430
t3_ifbw5,0.212633
t3_1n7sx3,0.189679
t3_1b5a4p,0.205866
t3_iamq6,0.260547
t3_o6z29,0.101747
t3_10ca6l,0.223961
t3_jydqo,0.151150
t3_p3ftt,0.172994
t3_pupzc,0.236013
t3_tn97v,0.185063
t3_vqsnl,0.119948
t3_12cxuc,0.184695
t3_1ktx51,0.284407
t3_tydcg,0.112009
t3_hug18,0.170565
t3_mi7ma,0.211475
t3_1h4mik,0.311937
t3_l67if,0.126106
t3_1lml71,0.237135
t3_otuha,0.128841
t3_1dfe2n,0.244535
t3_zkui3,0.258386
t3_1mh9w4,0.257588
t3_1jp3f1,0.232197
t3_16gr5b,0.126571
t3_mwd82,-0.017245
t3_1jn1j6,0.221185
t3_i0qp5,0.199829
t3_1ezf35,0.120225
t3_1j4ytk,0.341293
t3_ud0gj,0.137269
t3_1f8knc,0.170043
t3_vgool,0.812055
t3_11b1ti,0.120710
t3_1aoz8s,0.163152
t3_1cr1zd,0.188870
t3_yvma1,0.139992
t3_ifzvz,0.177707
t3_krx89,0.748082
t3_sp26r,0.264633
t3_w5b9g,0.143657
t3_ql4hw,0.128307
t3_v1zdc,0.168670
t3_kxz0h,0.362165
t3_wa7hw,1.692296
t3_lgtm6,0.126263
t3_is4sr,0.164370
t3_19b1c5,0.180291
t3_1iv47z,0.159488
t3_ibtwa,0.255961
t3_1j04eu,0.250314
t3_1jx10i,0.173965
t3_i5o5g,0.150921
t3_1e920k,0.187964
t3_k70pb,0.591615
t3_xko5d,0.157029
t3_1a3vfl,0.161066
t3_1lxybt,0.296035
t3_ldjhu,0.228559
t3_ldeog,0.209103
t3_11tb71,0.218824
t3_pfod3,0.177221
t3_193qwb,0.164435
t3_1950v4,0.405116
t3_lzkhn,0.151759
t3_krl47,0.157602
t3_r67bm,0.120956
t3_zaw9z,0.224804
t3_sxko6,0.166087
t3_p8av3,0.209488
t3_inwm2,0.128933
t3_sfrhj,0.129118
t3_1ihttr,0.192248
t3_j85dp,0.212118
t3_1ag1v5,0.523757
t3_1lu5yo,0.135855
t3_1fj9p3,0.201165
t3_1nv4ks,0.298820
t3_1mdaak,0.179136
t3_1ctxw7,0.169698
t3_1eevnc,0.230796
t3_1ij15g,0.153228
t3_jncp2,0.360018
t3_15isv5,0.176055
t3_1lf3me,0.116682
t3_16d2ly,0.124400
t3_1k1xs4,0.246416
t3_ytvgx,0.455739
t3_1ihggu,0.236631
t3_iyq1i,0.152107
t3_j2vji,0.263217
t3_tf9im,0.200015
t3_15ti56,0.217563
t3_t7qee,0.033650
t3_zq14r,0.139078
t3_ix9g0,0.118235
t3_sosun,0.154916
t3_13byqo,0.150979
t3_1cf800,0.210024
t3_135fj1,0.204183
t3_1crefk,0.202982
t3_10cvn1,0.270492
t3_sidd8,0.219254
t3_l4o05,0.125276
t3_11ux2a,0.151639
t3_zxawy,0.338064
t3_1irpp0,0.269754
t3_14tboe,0.145178
t3_14vcsz,0.333002
t3_1ik17v,0.151608
t3_1memn0,0.340036
t3_1icup0,0.290110
t3_lhqi7,0.108740
t3_1ipvwk,0.189126
t3_1dlaly,0.191795
t3_zzuu4,0.188449
t3_id14p,0.150394
t3_19cz7c,0.159060
t3_1k64o2,0.215941
t3_1mjpg0,0.133225
t3_iol8h,0.251897
t3_1isd30,0.133024
t3_lj7oy,0.916940
t3_xnm2p,0.375501
t3_1c3v9m,0.175672
t3_s4svv,0.692171
t3_19jlpy,0.204646
t3_1by9im,0.324866
t3_19nhbi,0.022227
t3_1gb1to,0.155304
t3_1c8rmz,0.225365
t3_1igt9f,0.319746
t3_1eqmt5,0.184954
t3_rwaf0,0.148726
t3_1kw2e6,0.277620
t3_1jgelh,0.231246
t3_jcq0o,0.092693
t3_172kz4,0.153815
t3_hwxwd,0.195936
t3_w56fp,1.272946
t3_my16i,0.240614
t3_k0r9x,0.127054
t3_17sczo,0.163586
t3_14im5p,0.318707
t3_1ih8z4,0.739448
t3_qmmdi,0.153708
t3_qgsgw,0.097512
t3_1gdjus,0.151504
t3_k0vt2,0.158486
t3_jmo2j,0.121491
t3_1jd94m,0.203560
t3_k4z02,0.181563
t3_lp6lv,0.163413
t3_1agayp,0.352862
t3_1b9o16,0.234788
t3_17q6f5,0.181916
t3_n39i4,0.197739
t3_pey91,0.189642
t3_125l77,0.166375
t3_150p6t,0.224381
t3_wc93i,0.110810
t3_1ig7c8,0.206000
t3_1bd8v3,0.169399
t3_in1tc,0.150510
t3_pcmhh,0.249543
t3_ziw36,0.150689
t3_m489r,0.225192
t3_jxuil,0.207948
t3_i7lvc,0.244950
t3_iq3hd,0.242125
t3_y5tl0,0.171385
t3_qzu7s,0.142447
t3_1mx6dp,0.256787
t3_17la4f,0.205434
t3_i11au,0.204420
t3_naa39,0.274217
t3_k87gg,0.167728
t3_lrud4,0.185315
t3_11k0ch,0.205652
t3_jjtne,0.146888
t3_1o3fi6,0.201455
t3_qwz21,0.183898
t3_xn9n8,0.134575
t3_if9kv,0.145892
t3_ino69,0.154206
t3_y36b3,0.263061
t3_ljw7y,0.142344
t3_msmlt,0.160168
t3_1c01o8,0.375206
t3_yk3jz,0.153816
t3_jvh01,0.190858
t3_wgsws,0.145166
t3_lq66h,0.256995
t3_10vrop,0.132303
t3_15567s,0.654546
t3_1lsr9x,0.238442
t3_1d96q8,0.324320
t3_r1xtu,0.132403
t3_1exwmo,0.186689
t3_k4m4x,0.158548
t3_15e251,0.187974
t3_1ma7rd,0.170260
t3_jgtfw,0.243386
t3_18droz,1.199283
t3_1crhe7,0.171996
t3_phmbn,0.223026
t3_n6s1i,0.244268
t3_htxnw,0.227099
t3_wkd6l,0.684783
t3_1i8b15,0.207499
t3_17ovhi,0.192251
t3_ngtw8,0.105656
t3_jedff,0.175875
t3_1iv2s8,0.122286
t3_iynyd,0.189595
t3_klige,0.184786
t3_sz4rm,0.093822
t3_vi2qo,0.188221
t3_nz2df,0.215754
t3_rkhub,0.300754
t3_jmr1j,0.163547
t3_iwavb,0.130895
t3_iv6eu,0.123127
t3_j6nr5,0.306396
t3_1cniq6,0.355095
t3_q0c6k,0.194038
t3_1mufdh,0.311664
t3_micek,0.195557
t3_1bw1b9,0.179230
t3_ico94,0.139555
t3_vipop,0.242251
t3_1iwdep,0.205878
t3_1izd63,0.158369
t3_1m9j1d,0.462799
t3_1g5pyx,0.166362
t3_v7tzf,0.216438
t3_jog1v,0.135521
t3_pe8md,0.117716
t3_nbkbt,0.182015
t3_kxlzo,0.212025
t3_kz2ws,0.115082
t3_1ee1fp,0.167857
t3_khxzm,0.132342
t3_1166u8,0.178492
t3_wj4na,0.158736
t3_11lg2f,0.161638
t3_1iwg9n,0.191912
t3_vjgu4,0.146843
t3_1275dw,0.140106
t3_13jofn,0.174436
t3_16w1fs,0.457212
t3_1lxlbw,0.183526
t3_ojw1m,0.270981
t3_1jart1,0.224003
t3_yf6n3,0.381020
t3_1n859f,0.218169
t3_n993g,0.136016
t3_jzi49,0.194281
t3_tv7zq,0.919645
t3_opj7h,0.218305
t3_1fwjjw,0.180997
t3_12jio7,0.202809
t3_1loyn7,0.244114
t3_12c6hf,0.162889
t3_pzish,0.285152
t3_1h05vp,0.162538
t3_110efm,0.127983
t3_xa98e,0.415206
t3_xgrpi,0.086032
t3_1h29mo,0.401322
t3_niode,0.218726
t3_q2spw,0.098722
t3_hy49h,0.147161
t3_1eluz0,0.156612
t3_12eoc9,0.221245
t3_1necw3,0.416721
t3_1lw16j,0.754819
t3_ihh90,0.195961
t3_jyepv,0.265489
t3_kqf8k,0.148271
t3_m9h42,0.115900
t3_ikck4,0.263544
t3_v8f7b,0.296855
t3_vzfp5,0.339782
t3_1mhbok,0.239157
t3_150x3u,0.176239
t3_rdsa5,1.232626
t3_1k175h,0.222800
t3_xu8em,0.181240
t3_w7fjy,0.114587
t3_xnrho,0.173468
t3_1n6wjw,0.167615
t3_15fud8,0.186877
t3_1cnqfg,0.310218
t3_11hnoe,0.013802
t3_jmnl8,0.075208
t3_1kkv09,0.080121
t3_ngvgh,0.127661
t3_jx94c,0.190896
t3_xwxmj,0.197320
t3_iwfd1,0.166068
t3_10hpsk,1.650495
t3_hvwav,0.231125
t3_snqsi,-0.019115
t3_xn0no,0.335567
t3_icqr9,0.174594
t3_ibz1b,0.348612
t3_iay69,0.129355
t3_11zblm,0.176786
t3_wzkmu,0.183016
t3_1crpj5,0.156461
t3_iczu2,0.145112
t3_wns9p,0.209272
t3_1invu0,0.125371
t3_m2hic,0.188175
t3_ki6jk,0.197885
t3_vi9dc,-0.018073
t3_pimge,0.224233
t3_i7adt,0.251007
t3_15e9dq,0.608016
t3_1czkj9,0.200138
t3_1btf55,0.177399
t3_yifuj,-0.017558
t3_zh4v4,0.127269
t3_paght,0.119564
t3_1bmaeo,0.321927
t3_1iv3cj,0.985489
t3_mbcj7,0.276135
t3_1mnkgu,0.205368
t3_1hdqo9,0.182598
t3_12lbis,-0.018283
t3_1hcumf,0.173897
t3_11s3p3,0.160562
t3_1dkhn2,0.265915
t3_onxcv,0.172989
t3_1g5q8a,0.183279
t3_16lcq8,0.026034
t3_17gi30,0.244904
t3_j65lu,0.244669
t3_ibs5y,0.118654
t3_1cs2px,0.410093
t3_v4w93,0.120554
t3_1n1axt,0.202529
t3_ihko3,0.166578
t3_1896rw,0.245098
t3_125i9k,1.585135
t3_ww56x,0.143129
t3_uj7th,0.134457
t3_xsnoi,0.721198
t3_jm9ld,0.173620
t3_jyi06,0.245671
t3_yxnzv,0.119823
t3_l4640,0.165729
t3_1dnss4,0.153469
t3_1359u2,0.225993
t3_s4r05,0.155421
t3_j16ec,0.245136
t3_zpi3v,0.128681
t3_pyewj,0.159450
t3_ychfj,0.201498
t3_tfo4q,0.273566
t3_l4pgj,0.188066
t3_1llkaa,0.335727
t3_wj3qa,0.214350
t3_zy61w,0.230038
t3_1dize8,0.263670
t3_1f7t8i,0.139322
t3_1lerlv,0.150572
t3_1meieg,0.817368
t3_156xcj,0.159570
t3_j8iuv,0.215788
t3_1160fi,0.174648
t3_irgvc,0.135904
t3_qyedt,0.124776
t3_u95c6,0.191088
t3_1e97au,0.991175
t3_wp8uc,0.008637
t3_sst1u,-0.020595
t3_1c63lb,0.323982
t3_o85l6,0.134564
t3_idivc,0.177837
t3_k45dt,0.243491
t3_yg7bf,0.394882
t3_19ywdh,0.461381
t3_kf0cy,0.247389
t3_137zgp,0.288037
t3_1gx8mx,0.211951
t3_tvndu,0.294053
t3_zsgtc,0.216222
t3_l4n9w,0.162002
t3_mjeye,0.127703
t3_mz1mg,0.132990
t3_jgbs9,0.289860
t3_naauc,0.361297
t3_1gnaod,0.189248
t3_hrz9i,0.186810
t3_1me64e,0.322137
t3_idq7h,0.117029
t3_ys5ol,0.252407
t3_1lezr3,0.374012
t3_lnwd6,0.282351
t3_zwbh8,0.134200
t3_1ctkfz,0.227585
t3_1kn4ge,0.299657
t3_14tdkv,0.181497
t3_1l10qa,0.296287
t3_177ayp,1.206561
t3_jijg7,0.166700
t3_16vnjz,0.410004
t3_1nbk1o,0.156243
t3_vem93,0.211993
t3_o6e99,0.178615
t3_jahvc,0.135270
t3_k62zb,0.253115
t3_1n351g,0.175622
t3_ozrs5,0.225380
t3_11tjwv,0.246195
t3_14ux4w,0.164542
t3_ijhc3,0.153300
t3_1j6f3u,0.202110
t3_w21z2,0.147403
t3_j82a6,0.142174
t3_pm783,0.281767
t3_v3r93,0.175821
t3_1jimga,0.230055
t3_idti4,0.191930
t3_mywtr,0.118003
t3_mjkln,0.185442
t3_y2ne5,0.209201
t3_xry1e,0.287051
t3_qceuc,0.675438
t3_16noen,0.198647
t3_1ee39k,0.271595
t3_1eq5xl,0.153094
t3_mrkl3,0.249705
t3_ojet5,0.112501
t3_v0ki0,0.146139
t3_13dh0w,0.247504
t3_14bzcp,1.187953
t3_jq47k,0.193592
t3_1fqoyo,0.656600
t3_vbb3v,0.144340
t3_1k62l3,0.076577
t3_12p4pv,0.166235
t3_i37e6,0.144505
t3_if7vp,0.188417
t3_kvy1i,0.226945
t3_xd0ls,0.135830
t3_rirnq,0.218794
t3_1hwd6l,0.172733
t3_mco6n,0.165093
t3_13tugz,0.171770
t3_k0ilx,0.228341
t3_ibat9,0.320855
t3_m42qj,0.198754
t3_1cucx0,0.212598
t3_zjfck,0.014624
t3_1iv5aj,0.254149
t3_u7z81,0.249377
t3_ke8v1,0.281488
t3_10wbvp,0.212485
t3_t6s95,1.330823
t3_w3y90,0.161528
t3_vvs2c,0.126136
t3_hupa5,0.204889
t3_zf126,0.180074
t3_v18x3,0.197233
t3_my9b0,0.227620
t3_10kngj,0.319717
t3_is415,0.130729
t3_io8w1,0.206146
t3_1bn2ov,0.163872
t3_jatqy,0.240446
t3_yz9sf,0.167117
t3_k4z3q,0.213576
t3_1bird0,0.308245
t3_1cjq75,0.172855
t3_1cle36,0.167478
t3_1cgw6n,1.159041
t3_yvb02,0.195495
t3_jzmij,0.119112
t3_iii4u,0.245799
t3_14talm,0.169116
t3_jmyq9,0.163295
t3_kr3gt,0.195830
t3_w8rkv,0.108066
t3_12x5q1,0.178974
t3_jshkp,0.126523
t3_1o9hi0,0.361494
t3_u64m1,0.247424
t3_1cylzs,0.162453
t3_icou8,0.142018
t3_jvh8u,0.173287
t3_13seyz,0.130793
t3_rzjzd,0.063790
t3_mxzhx,0.233116
t3_vwclz,0.263549
t3_wxsh1,0.090458
t3_k3ki7,0.156315
t3_j6283,0.136061
t3_mxya9,0.232797
t3_1aduwk,0.260435
t3_ot2tt,0.217769
t3_1lvsn9,0.153832
t3_jnywu,0.275376
t3_1cysab,0.161431
t3_nhqn0,0.294529
t3_1109ba,0.145668
t3_11sa5p,0.188162
t3_16wls1,0.179688
t3_1i8cqz,0.118979
t3_wwkkm,0.126553
t3_110gio,0.187403
t3_inmlb,0.313135
t3_k3ocx,0.327933
t3_tdww7,0.034583
t3_1hz09s,0.159423
t3_1mzio9,0.287480
t3_lb1w0,0.275552
t3_1crwei,0.214407
t3_q5961,0.137993
t3_lxx3z,0.181181
t3_16appe,0.146871
t3_1adg49,0.118028
t3_iyk1y,0.236525
t3_1iw0gf,0.252139
t3_vn1l9,0.139256
t3_x1o1v,0.151611
t3_1m23pg,0.240082
t3_yintm,0.203870
t3_ts9p3,0.415080
t3_z9ck0,0.205705
t3_th40x,0.494740
t3_icon7,0.178781
t3_t0mtn,0.207798
t3_juayz,0.232233
t3_mzfsp,0.161713
t3_zhzk6,0.302705
t3_14exjy,0.288643
t3_1c7725,0.124619
t3_1ifyzz,0.456268
t3_i96f9,0.686935
t3_kbmyh,0.249306
t3_170pqr,0.135760
t3_sqwpp,0.199786
t3_1553el,0.162623
t3_ikbu8,0.159387
t3_y6aab,0.090032
t3_li326,0.153472
t3_1fyoex,0.180839
t3_1fxma9,0.156197
t3_18gj1h,0.027838
t3_o0jew,0.210241
t3_1jpkbf,0.266173
t3_idu38,0.192785
t3_lhjci,0.191846
t3_1d3hd7,0.176004
t3_150b65,0.186101
t3_rjp1j,0.150576
t3_k30r3,0.171770
t3_11t3kg,0.373178
t3_1hav4d,0.035970
t3_1a5ixr,0.293325
t3_pxd37,0.155130
t3_1djtso,0.441593
t3_14ezoh,0.171658
t3_12obj5,0.185242
t3_nqwjm,0.460808
t3_oifsx,0.174430
t3_1f45sh,0.103129
t3_1fr5bm,0.186254
t3_tubzr,0.121876
t3_r7odh,0.209222
t3_1kmou4,0.153615
t3_17pzg4,0.177502
t3_i0miz,0.207499
t3_il0s0,0.225595
t3_1l5uzx,0.237794
t3_1evpom,0.150103
t3_idy6k,0.193853
t3_sshis,0.176153
t3_1blxrm,0.246441
t3_1gstqn,0.732401
t3_1esd91,0.126832
t3_vai9m,0.130099
t3_ne3jr,0.151013
t3_1nm9os,0.179549
t3_ledhr,0.234800
t3_pw02q,0.183026
t3_irgbj,0.164954
t3_xd9hv,0.286460
t3_icu7p,0.127342
t3_1d8yob,0.076393
t3_1euaic,0.168324
t3_l4xry,0.192848
t3_112jsu,0.170443
t3_kly75,0.184006
t3_ifrfv,0.212260
t3_x8mp3,0.225254
t3_x2qzw,0.160064
t3_13u1al,0.176365
t3_xnwf2,0.284479
t3_xf1p9,0.146205
t3_jjz0j,0.240637
t3_ynaia,0.292732
t3_k08dr,0.315919
t3_1af9hg,0.184024
t3_tl8gg,1.156140
t3_qdtn7,0.126518
t3_ubnwm,0.784357
t3_s14x9,0.147420
t3_157g5c,0.146367
t3_y9nfg,0.263472
t3_tfqnk,0.022697
t3_1lxsiq,0.169721
t3_1mwhh9,0.155335
t3_r1boq,0.133531
t3_14ihpw,0.161066
t3_12124d,0.160098
t3_10o1th,0.202726
t3_1blyk4,0.126479
t3_jxj0w,1.142786
t3_12vddw,0.165606
t3_1kow8l,0.293407
t3_llfug,0.174254
t3_1fqagd,0.227783
t3_m1y90,0.150817
t3_pfs19,0.172419
t3_185q0b,0.369228
t3_th6m0,0.190859
t3_1ma6le,0.152259
t3_k0q1w,0.192612
t3_15xp2y,0.196918
t3_vpe62,0.132715
t3_12gbgy,0.435774
t3_jtsb9,0.125875
t3_wly8k,0.167666
t3_1je8f1,0.395758
t3_j2k0d,0.188959
t3_1j4tf5,0.261301
t3_yfjn0,0.268397
t3_1cot73,0.360012
t3_n81pv,0.177015
t3_ijnhm,0.147181
t3_1493gl,0.181167
t3_1i4pcy,0.311866
t3_n5o88,0.136554
t3_mrgd3,0.313571
t3_rx4zo,0.285152
t3_1fqv6l,0.200162
t3_mscj8,0.217799
t3_tiyor,0.284665
t3_l4rl8,0.176557
t3_1e2v32,0.146417
t3_r7sgr,0.213246
t3_t0krh,0.217330
t3_iregv,0.162005
t3_ndcvq,0.308284
t3_w3ldb,0.139945
t3_xww8y,0.130780
t3_1f8kvl,0.161876
t3_q3io5,0.274585
t3_smcni,0.402468
t3_zzsho,0.114587
t3_pr3p3,0.182493
t3_1hluyc,0.019994
t3_k025c,0.257289
t3_1go8c1,0.139291
t3_ihhbr,1.096354
t3_1ckfzz,0.191837
t3_1l7ksf,0.167231
t3_1is6ya,0.229648
t3_vawcb,0.143713
t3_mody8,0.316283
t3_1foy3z,0.180429
t3_qzu4g,0.279770
t3_lmb89,0.240050
t3_1m53fu,0.189248
t3_10cy64,0.118735
t3_m7m7l,0.904220
t3_1lfrlc,0.182296
t3_iihye,0.195129
t3_iai8b,0.244537
t3_xn5hp,0.149055
t3_ro9ud,0.189136
t3_kx1pn,0.280156
t3_1cn0h3,0.260226
t3_zq12j,0.135184
t3_1br2hm,0.218406
t3_knttk,0.253816
t3_11wza2,0.561154
t3_iwbsf,0.145102
t3_nys7g,0.233831
t3_1fnw48,0.238889
t3_17pmtu,0.160730
t3_vmwzf,0.152381
t3_jg8jk,0.126285
t3_12hejm,0.197806
t3_1krjs4,0.166191
t3_k4utv,0.195550
t3_xbitu,0.241977
t3_kogen,0.158425
t3_13y8zq,0.120255
t3_q60gf,0.181463
t3_jb9gi,0.313637
t3_t22lo,0.227097
t3_vptrf,0.373342
t3_1cexg7,0.288616
t3_yuxak,0.074992
t3_kdstl,0.105221
t3_1gy3zk,0.167728
t3_1cn4fz,0.202610
t3_ik8w1,0.309560
t3_1o5psw,0.462049
t3_1fi04r,0.204771
t3_ovnya,0.132200
t3_puk2v,0.112414
t3_1mwqc3,0.168177
t3_hueth,0.249694
t3_1muyje,0.363995
t3_l5kka,0.133858
t3_1cmihx,0.185602
t3_10j1np,0.149963
t3_j3nnl,0.265949
t3_sydf2,0.186881
t3_1fcf2h,0.006268
t3_m2id2,0.197683
t3_m0vt8,0.192708
t3_14t7j9,0.171581
t3_1b0jci,0.170012
t3_zsa2t,0.330994
t3_xd60b,0.160054
t3_htzo7,0.224028
t3_1hl0jw,0.193392
t3_lclka,0.142994
t3_j6xvd,0.241654
t3_19lq75,0.172887
t3_1bp2u8,0.156110
t3_jdxtx,0.315976
t3_j68ur,0.273895
t3_10fo7v,0.201653
t3_18cqfw,0.193567
t3_1bp1we,0.154685
t3_hzzgp,0.189348
t3_jrzko,0.167261
t3_ieglz,0.271220
t3_1lsrj5,0.169156
t3_113kuj,1.039531
t3_ledoj,0.205380
t3_iy36f,0.153716
t3_113qym,0.202219
t3_zha1q,0.227802
t3_16xsqk,0.175746
t3_tq5qq,0.168243
t3_y2qle,0.218412
t3_jafft,0.192120
t3_s6iox,0.255570
t3_idld7,0.189857
t3_vhs8y,0.217489
t3_kyw1u,0.148458
t3_12839n,0.224065
t3_jsaom,0.055747
t3_qmp3p,0.201053
t3_ny3zk,0.212332
t3_lkmwg,0.917938
t3_uhmf8,0.664374
t3_hyr3z,0.288042
t3_pvs82,0.248733
t3_y6amf,0.219928
t3_htfi5,0.202826
t3_ltyr4,0.181869
t3_x285o,0.215927
t3_j2fxf,0.943808
t3_lt6l5,0.225866
t3_mlwsc,0.165754
t3_kwlpi,0.243074
t3_susbr,0.023974
t3_13ww4i,0.247486
t3_rs4rl,0.234435
t3_hl0ft,0.293413
t3_12l3sq,0.167101
t3_1e7zhc,0.154073
t3_14ssun,0.002738
t3_pbh5x,0.149996
t3_1iemsj,0.253049
t3_qdn9m,1.119089
t3_ienvf,0.137981
t3_1ckh9t,0.231863
t3_hwzc2,0.178077
t3_p3lkq,0.196024
t3_jg6yk,0.212958
t3_icr1j,0.188924
t3_1ipgcx,0.224993
t3_iqw0f,0.153694
t3_1fbfeg,0.288470
t3_j7us6,0.167474
t3_iwany,0.133975
t3_mdhq5,0.211598
t3_wag1s,0.145611
t3_1kvwpq,0.270682
t3_plp25,0.144670
t3_1k5ss6,0.227710
t3_k3qyc,0.376527
t3_12txtd,0.161314
t3_irj2c,0.151016
t3_qnrv7,0.294386
t3_m7bdd,0.215162
t3_10qngl,0.130399
t3_10d4a8,0.187288
t3_w160y,0.193162
t3_lp1ux,0.180767
t3_1i6bna,0.386743
t3_u6i4z,0.352353
t3_1g74wk,0.279499
t3_18pv4q,0.133063
t3_1epv0f,0.210365
t3_1mvb6s,0.319375
t3_17z37c,0.138153
t3_m6np7,0.167911
t3_11tiox,0.155606
t3_jf55a,0.109135
t3_l3g0s,0.208950
t3_19p6mc,0.191644
t3_ltuhq,0.215164
t3_xeedv,0.164510
t3_slq9i,0.051377
t3_jirtz,0.198272
t3_tblcz,0.367314
t3_qqud3,0.182054
t3_r06po,0.141434
t3_1l2a9r,0.146249
t3_iefba,0.293674
t3_kbc4h,0.117423
t3_mc7hx,0.182347
t3_1m2om7,0.268367
t3_1cyxp5,0.457779
t3_1lmc4f,0.294831
t3_wo6p3,0.156336
t3_ojtem,-0.016246
t3_k3yrb,0.133500
t3_i8xhn,0.148408
t3_w6xdm,0.173528
t3_1mxpun,0.183199
t3_1lx6vd,0.446726
t3_j8hka,0.172271
t3_1jdgdj,0.192235
t3_hgdtf,0.191561
t3_xawwv,0.174090
t3_1l19vv,0.156352
t3_j4vbo,0.227776
t3_1ikc0d,0.169587
t3_m6rdr,0.251957
t3_19xxso,0.213331
t3_jt1ti,0.178707
t3_1abab2,0.007168
t3_17rl0y,1.160414
t3_jdfhh,0.271092
t3_w89lu,0.226982
t3_1atk3v,0.178906
t3_tglzi,0.147663
t3_1iv6uf,0.135472
t3_p85iu,0.292643
t3_x9v8i,0.179330
t3_mwclc,0.236667
t3_1432t6,0.257415
t3_1732xx,0.165102
t3_uaqw7,0.201719
t3_jwam4,0.167899
t3_ifk6u,0.190420
t3_143pb1,0.357113
t3_ixmw3,0.363956
t3_roye7,0.176260
t3_1l1b96,0.219762
t3_1lfxmx,0.203021
t3_sm0fi,0.212970
t3_x6xfz,1.404328
t3_1akj1c,0.149691
t3_jzcyp,-0.020716
t3_o1gb7,0.226587
t3_18c4e9,0.256551
t3_1dapt6,0.175022
t3_1a1wmz,0.218521
t3_17apty,0.167528
t3_13fi4r,0.167957
t3_1ly2ne,0.184120
t3_1mvmz3,0.170988
t3_10uh4n,0.223369
t3_1m4s8q,0.288560
t3_wd1bd,0.126152
t3_ifih0,0.184368
t3_133rk6,0.200933
t3_1hbxzi,0.195380
t3_qs09d,0.017856
t3_mjf5t,0.141072
t3_12p4qj,0.346461
t3_soea1,0.243169
t3_jly5g,0.008517
t3_1lcmkx,0.216186
t3_1jo0bx,0.148734
t3_1ltp6r,0.155115
t3_181l4t,0.475227
t3_icpa2,0.193834
t3_ipzg4,0.139497
t3_js0ju,0.199295
t3_1gveed,0.244342
t3_tozvc,0.150542
t3_1kilzb,0.135300
t3_185vvk,0.149817
t3_m47yc,0.281459
t3_1mg7m1,0.195588
t3_1mdya5,0.334727
t3_19ctqj,0.188682
t3_tllxh,0.404218
t3_1mim72,0.133936
t3_iymko,0.216364
t3_opkmm,0.277450
t3_y466n,0.290080
t3_jx9tr,0.165995
t3_10zoec,0.241318
t3_u08u0,0.168090
t3_19ob9z,0.138530
t3_jzkd1,0.143160
t3_q73oq,0.090769
t3_ibvic,0.123438
t3_y5vj7,0.617320
t3_y8w7b,0.228031
t3_kxjsp,0.136356
t3_1ivwvt,0.176508
t3_x768a,0.130983
t3_1iv28l,0.179197
t3_1l27b3,0.137703
t3_q1xxo,0.102626
t3_jb6na,0.183418
t3_163bzy,0.338501
t3_153cst,0.180359
t3_qsejn,0.180310
t3_1nbrku,0.378156
t3_1ej7wt,0.919665
t3_zh75s,0.143739
t3_lstm9,0.137926
t3_1j5z7e,0.182302
t3_1574sv,0.325589
t3_wkdxa,0.175391
t3_pl5aj,0.201016
t3_qap6u,1.305847
t3_115vox,0.267313
t3_1gvnj8,0.141009
t3_js9gy,0.213761
t3_is8cd,0.148781
t3_lbl8w,0.222946
t3_uozbx,0.988346
t3_1lxntp,0.195489
t3_11n72r,0.213086
t3_1iez8q,0.010478
t3_ozu7k,0.195695
t3_owy0m,0.178344
t3_t2qt4,0.147580
t3_n318c,0.237623
t3_1md6b9,0.317726
t3_1ex028,0.335720
t3_1dg2bk,0.164588
t3_hzt8o,0.142058
t3_131n6r,0.144825
t3_1jxgvf,0.163858
t3_jmdya,0.085411
t3_mg1zt,0.154604
t3_j0cz0,0.163403
t3_k1gsx,0.238619
t3_ojy6r,0.251334
t3_1dmups,0.209222
t3_x959y,0.330733
t3_nnbds,0.333220
t3_13trxv,0.136247
t3_1awfml,0.217823
t3_lyy5x,0.243121
t3_1iwegx,0.223451
t3_193frj,0.037954
t3_1iudup,0.188490
t3_1fwbdg,0.178824
t3_wziql,0.148849
t3_16xtvk,0.083750
t3_1ipepz,0.030443
t3_mhcm8,0.209920
t3_1gq3gs,0.204731
t3_vghwo,0.137753
t3_keseq,0.221070
t3_16z08l,0.188955
t3_mas62,0.159810
t3_1isgm3,0.188843
t3_puwjr,0.467699
t3_jiwx8,0.170921
t3_liudo,0.611709
t3_jxh9m,0.189813
t3_11yzo2,0.154518
t3_1btj3q,0.384897
t3_lfma1,0.238910
t3_pbyjt,0.055303
t3_1jo4f6,0.144687
t3_yejtx,0.178630
t3_193zoz,0.116326
t3_16w2nh,0.178155
t3_ibsyq,0.173601
t3_jhmef,0.181942
t3_tlbjk,0.171591
t3_s80om,0.249602
t3_kwrjo,0.213200
t3_1cw1ms,0.320003
t3_uj99i,0.190328
t3_1apdwu,0.175693
t3_iborf,0.164794
t3_12kfy9,0.123993
t3_126tep,0.153961
t3_v07fz,1.069397
t3_ji3ca,0.235898
t3_lqnpz,0.234477
t3_ibvn8,0.421538
t3_i50i4,0.192488
t3_lushm,0.150868
t3_iffit,0.182052
t3_12nmdv,0.289273
t3_1lrh6u,0.154482
t3_qvbzt,0.173991
t3_1iez5w,0.168024
t3_us9ho,0.159003
t3_ql5gi,0.140329
t3_1msxkn,0.014764
t3_jf2fg,0.295255
t3_1g4lyw,0.293161
t3_1k910y,0.239298
t3_x3cmt,0.127629
t3_x9etl,1.157397
t3_klaa6,0.164366
t3_yht6g,0.118824
t3_y2ljd,0.179945
t3_1l120o,0.253593
t3_ialy9,0.314485
t3_naq48,0.189814
t3_107ru4,0.227672
t3_1ihfkx,0.090562
t3_1ll049,0.079448
t3_12nmjl,0.162474
t3_1mit7t,0.020432
t3_1n84jc,0.183364
t3_1boflh,0.171058
t3_121toe,0.150432
t3_1avwr4,0.176926
t3_umaqa,0.133598
t3_i4ck0,0.130889
t3_193zo3,0.006907
t3_1jggdv,0.291569
t3_lencv,0.175948
t3_1ahfft,0.628893
t3_vpa6p,0.201508
t3_k1yom,0.286822
t3_k4nfr,0.203291
t3_iptt8,0.161770
t3_11pdxt,0.027872
t3_1n5n9z,0.110803
t3_sss6w,0.171040
t3_jb038,0.216059
t3_v8beo,0.331824
t3_i9qjc,0.136927
t3_uoywy,0.231187
t3_15gf4h,0.222467
t3_z7i98,1.714659
t3_kibv8,0.067221
t3_lope8,0.158185
t3_pvojb,0.278311
t3_1eg6hz,0.927498
t3_116umn,0.283704
t3_k31fw,0.192662
t3_yl88m,0.163285
t3_iypmh,0.153346
t3_ihdnr,0.132141
t3_15jy6m,0.127476
t3_1l0j5d,0.146703
t3_1diu6d,0.353564
t3_1fzhzr,0.215526
t3_iclgj,0.186357
t3_nfom9,0.162038
t3_1jzcon,0.200873
t3_l2tb0,0.189691
t3_16xpx8,0.162767
t3_1h6hhv,0.313609
t3_10u7w0,0.199724
t3_vnbuw,0.154532
t3_j0p9a,0.153009
t3_z59mf,0.181261
t3_1lozqp,0.276174
t3_mwzrw,0.191485
t3_qaf9d,0.182675
t3_iri2m,0.222410
t3_qc8g7,0.196492
t3_mkd95,0.411834
t3_yl0d6,0.429202
t3_1gtjtl,1.229642
t3_1l8cy1,0.249961
t3_k0rt7,0.184445
t3_17bfiq,0.184357
t3_10ha4t,0.179980
t3_ylne2,0.192002
t3_15dl3p,0.163446
t3_q3bzv,0.244529
t3_100ws2,0.191290
t3_wkix8,0.993056
t3_1cqwsx,0.204095
t3_144op5,0.224893
t3_pmvgu,0.187290
t3_16bg93,0.404100
t3_10a2dc,0.150070
t3_pt1qv,0.801504
t3_1na4hu,0.713533
t3_1ietp9,0.647077
t3_1lt6br,0.221228
t3_152ods,0.110605
t3_1j96zh,0.451431
t3_ialea,0.165551
t3_1kiib3,0.154619
t3_zj8ln,0.214720
t3_1ku1id,0.211653
t3_yq9dd,0.125251
t3_j1ppy,0.179293
t3_12rcts,0.231255
t3_if8os,0.190065
t3_1005cj,0.141694
t3_v10wr,0.108232
t3_10tzmd,0.200178
t3_1j4sg0,0.153729
t3_13y2ou,0.131942
t3_16c7pm,0.305157
t3_jpyr1,0.175360
t3_ynmkd,0.151030
t3_14wvfb,0.186940
t3_qj5j2,0.320046
t3_irugk,0.235282
t3_ys4zk,0.144654
t3_1imxgn,0.279440
t3_ukrwy,0.284523
t3_1b4spk,-0.005006
t3_wpp9o,0.166541
t3_s4jhg,0.134464
t3_i2vq7,0.194650
t3_1miz3n,0.159726
t3_1209kl,0.193026
t3_wh0l4,0.140013
t3_i5liz,0.217063
t3_lu96s,0.129527
t3_kcfr0,0.257012
t3_1myvpl,0.231665
t3_1l0lpu,0.243324
t3_z1lre,0.187749
t3_1mu7o8,0.144161
t3_zukcs,0.265378
t3_i6vkd,0.254217
t3_kcldp,0.299780
t3_19dhd6,0.189098
t3_1indge,1.067812
t3_1i7c6y,0.177762
t3_seonb,0.108667
t3_rv4en,0.142338
t3_qrwex,0.927990
t3_1mo5ws,0.250566
t3_ndq9f,0.240721
t3_o0l9h,0.165570
t3_tds8d,0.378034
t3_1jde5v,0.184653
t3_12hb73,0.189002
t3_1j6smi,0.163801
t3_juemz,0.238300
t3_kh34f,0.174275
t3_khwp6,0.264465
t3_iqumh,0.386562
t3_pszmn,0.135674
t3_1mx366,0.129530
t3_jcm20,0.188638
t3_1bbzet,0.177009
t3_iowa1,0.182372
t3_1h1syy,0.149269
t3_142n4c,0.157862
t3_1lxyig,0.197054
t3_myx8u,0.182313
t3_1g7ny0,0.162426
t3_17tkid,0.202212
t3_11hcyw,0.169503
t3_n6qkh,0.265011
t3_tmn3s,0.164050
t3_11v7q2,0.184404
t3_1cd6yv,0.199851
t3_io0oy,0.404624
t3_1hip5p,1.374448
t3_hecc7,0.183163
t3_1gkd2i,0.027754
t3_hvgv7,0.184269
t3_m5a39,0.122366
t3_17sl35,0.571478
t3_utp3h,0.135972
t3_10tv7s,0.123676
t3_1a40n4,0.176521
t3_kj8a0,0.149687
t3_1mgrri,0.178332
t3_1nd11h,0.940945
t3_14tiyz,0.021710
t3_1ldhfb,0.154120
t3_10mo95,0.830289
t3_sx32l,0.344806
t3_pw2mi,0.291828
t3_o7co1,0.189394
t3_16stuw,0.195067
t3_1ctx4r,-0.019573
t3_1adx9s,0.178190
t3_il9ks,0.194894
t3_rp169,0.184423
t3_k1z07,0.232290
t3_zatki,0.213588
t3_iknip,0.174349
t3_uhoi3,0.122213
t3_uz6m5,0.143591
t3_127wms,0.194329
t3_16bong,0.014500
t3_uz1hn,0.295737
t3_keq0w,0.231588
t3_y3hef,0.196988
t3_iaoch,0.211529
t3_10wwjr,0.109826
t3_rf6ne,0.252294
t3_1cjpyc,0.218373
t3_t1rba,1.236861
t3_j5td8,0.275853
t3_mpkb2,0.172545
t3_x8k7r,0.294062
t3_ikw4b,0.181460
t3_1784zg,0.264268
t3_it7o4,0.191856
t3_zv8j4,0.769414
t3_lvs72,0.229269
t3_12t1lk,0.183772
t3_vjk10,0.260970
t3_khwh9,0.144803
t3_1b7u1o,0.121648
t3_1l2duz,0.145178
t3_wkwew,0.268553
t3_l1klc,0.151584
t3_1epqt0,0.298381
t3_1mvp23,0.282276
t3_tnfo9,0.151306
t3_18u12f,0.283065
t3_ka7al,0.086985
t3_wwl2i,0.322710
t3_inkwj,0.167635
t3_ilt19,0.173081
t3_pgs0h,0.188931
t3_iwfey,0.131857
t3_jqgd5,0.417583
t3_qc5o5,0.293464
t3_soims,0.104572
t3_17s4gm,0.140498
t3_yftil,0.219007
t3_1hq0de,0.054518
t3_jigc8,0.145037
t3_1l2vma,0.172234
t3_14t437,0.219670
t3_19jx8n,0.248295
t3_n420r,0.123686
t3_1czpg7,0.212544
t3_ishzm,0.198540
t3_nx2c3,0.237720
t3_1jx4g7,0.243107
t3_i20wz,0.200940
t3_12zak9,0.202292
t3_p7o7p,0.171209
t3_u7588,0.186418
t3_icoi3,0.217472
t3_10p6bh,0.108315
t3_j0ert,0.243443
t3_i5pv9,0.194436
t3_ncw61,0.228456
t3_1a6oez,0.138516
t3_15zae8,0.234073
t3_zs6gr,0.127535
t3_118p7t,0.336901
t3_p1s5g,0.144571
t3_slvkc,1.008214
t3_1n0mel,0.185607
t3_z9a9f,0.107785
t3_vzxe5,1.238081
t3_103oiv,0.046497
t3_14wzoi,0.189159
t3_1ib7b2,0.360123
t3_llyi4,0.140372
t3_17rja6,0.232562
t3_17rugq,0.160425
t3_1kxzgl,0.225824
t3_ihdep,0.175700
t3_iui32,0.137729
t3_pwu9g,0.239437
t3_1jd4uk,0.217605
t3_iq6md,0.197265
t3_x7u2w,0.160060
t3_1j6vvd,0.196111
t3_103ub7,0.182784
t3_14a8dq,0.034076
t3_10cmhw,0.032319
t3_m99m6,0.265634
t3_x7oqf,0.195213
t3_1ce5o7,1.358923
t3_1cvjjv,0.190146
t3_1nbngz,0.220147
t3_1a8xdn,0.288787
t3_16yaml,0.110170
t3_1i8aq1,0.190189
t3_15nht5,0.676601
t3_1glm8v,0.180007
t3_1jgj8g,0.150266
t3_l8c3e,0.182577
t3_qgp7g,0.155980
t3_1bbkjj,0.230304
t3_l7tdm,0.362990
t3_oqfw3,0.124832
t3_vn01f,0.181465
t3_j7spk,0.251981
t3_k6wpu,0.300558
t3_wywms,0.226243
t3_1mzwgv,0.432814
t3_16q2jp,0.422553
t3_1g30en,0.194523
t3_1lqpgs,0.222613
t3_xlntv,0.182294
t3_1jaeay,0.326812
t3_xwkff,0.130273
t3_qble3,0.149595
t3_vgtvb,0.105077
t3_huun2,0.160227
t3_11iwbh,0.244992
t3_saszu,0.185896
t3_1hbpnz,0.221204
t3_17ziw6,1.321819
t3_nfyao,0.435786
t3_zuqs9,-0.018779
t3_1aoyt9,0.122920
t3_i5viy,0.133352
t3_1alsyg,0.172612
t3_1i1vg0,0.300272
t3_ot0gt,0.305910
t3_o32bg,0.233597
t3_1ihs5o,0.241488
t3_1737ki,0.169341
t3_n6ike,0.269938
t3_19w1fa,0.124928
t3_1iz7w9,0.188733
t3_15irym,0.272983
t3_recpu,1.474022
t3_1bnjaf,0.144415
t3_mn557,0.213189
t3_1iuxw6,0.293059
t3_1eipbs,0.357574
t3_16gm64,0.878939
t3_pfl37,0.234039
t3_z10a2,0.132548
t3_jq2qd,0.144669
t3_yl0mo,0.274536
t3_iburr,0.158878
t3_ijk8n,0.119706
t3_jya89,0.318939
t3_mslxz,0.739050
t3_1nuvzh,0.310211
t3_kkd4w,0.329692
t3_qbp6w,0.272342
t3_qg1wv,0.410909
t3_1g2qc7,0.251884
t3_10fjy1,0.096929
t3_qzqrr,0.214700
t3_sizfg,0.268965
t3_k6dvb,0.063915
t3_jx8c9,0.194674
t3_1l7szl,0.163521
t3_kal40,0.251660
t3_y80tw,0.175356
t3_q087s,1.076767
t3_wcupv,0.100270
t3_wcv08,0.198306
t3_11ybtb,0.165023
t3_jb0sr,0.149071
t3_iqyh1,0.164793
t3_vbvas,0.248886
t3_i77kq,0.369103
t3_kn4tz,1.060501
t3_iql59,0.255163
t3_1jtmxq,0.172583
t3_1g4n79,0.158071
t3_14gsx5,0.170058
t3_18a5ku,0.145949
t3_1eojga,0.156409
t3_qyoqv,0.357417
t3_j0c1a,0.218899
t3_14yxcw,0.227231
t3_16n6pk,0.398612
t3_vmld7,0.134378
t3_19wz0p,0.195555
t3_wh5io,0.676362
t3_wllf8,0.150125
t3_1lg6u2,0.236374
t3_xzsu3,1.476796
t3_1j8sle,0.413036
t3_ygzwt,1.536549
t3_sf1tx,0.910242
t3_my2jp,0.245514
t3_1csu44,0.177437
t3_1gzwv3,0.332412
t3_14i071,0.158739
t3_mlvt9,0.141703
t3_16bki5,1.019724
t3_1irwdx,0.261260
t3_1lnsb4,0.335824
t3_o9r7b,0.195680
t3_14ul32,0.292200
t3_1i0eh2,0.620465
t3_mqngj,0.186225
t3_1crdrj,0.269556
t3_x5h3j,0.363477
t3_1kud1g,0.170222
t3_iokob,0.209012
t3_lqc45,0.188572
t3_1nbk5w,0.115236
t3_iympu,0.156848
t3_1dqyg1,0.159962
t3_1lxc6a,0.381080
t3_16up9c,0.165203
t3_ki92d,0.153772
t3_xun5w,0.172019
t3_jp37k,0.114954
t3_iw40l,0.274944
t3_1bnc88,0.208527
t3_nf344,1.212477
t3_if7k2,0.147817
t3_k9o6g,0.191576
t3_jkyp6,0.111721
t3_1cpe20,0.303548
t3_tq16k,0.145788
t3_1dd5tg,0.152327
t3_16smd3,0.304030
t3_uumxf,0.190166
t3_1ihpy4,0.152276
t3_ip2hr,0.484872
t3_pvcnn,0.160698
t3_16kriw,0.191524
t3_1ktbje,0.158748
t3_lwy5f,0.328565
t3_wy5o2,0.026592
t3_15995m,0.194041
t3_1g80pd,0.159194
t3_vt5ky,0.740531
t3_kpi24,0.237483
t3_15uhsz,0.106355
t3_wy5zu,1.433259
t3_x3kb1,0.222603
t3_j6rym,0.922908
t3_zuow2,0.053682
t3_oseds,0.194304
t3_11u31u,0.684607
t3_r167g,0.109676
t3_1dauom,0.150894
t3_11h6ki,0.152520
t3_y9wpd,-0.015082
t3_spamz,0.161901
t3_1ikz3c,0.153003
t3_y60rj,0.148417
t3_vctql,0.236443
t3_16tazw,0.169297
t3_k50j9,0.096120
t3_iavvx,0.215661
t3_u97ej,0.165554
t3_zeqka,0.141209
t3_ivcii,0.143625
t3_10u1pr,0.954545
t3_ibqzx,0.983504
t3_k1f2x,0.058838
t3_1e9rou,0.163629
t3_ibp27,0.135306
t3_pvl3a,0.189980
t3_yfron,1.084271
t3_ity9v,0.206503
t3_16tpsb,0.231590
t3_1iwtmh,0.177041
t3_o8a74,0.272734
t3_lqmfy,0.173706
t3_yabhi,0.143963
t3_1gzjki,0.176374
t3_qlw5i,0.147088
t3_1iwu3k,0.193210
t3_11a45a,0.662311
t3_wzgke,0.195441
t3_x60uq,0.155074
t3_1n8ya7,0.178001
t3_1mxh2m,0.295987
t3_nuc18,0.155833
t3_n02dy,0.401468
t3_19jb1z,0.171946
t3_1krrqc,0.206528
t3_xuxaw,0.102953
t3_xoqxy,0.153786
t3_187gk8,0.142126
t3_1iu6wt,0.299932
t3_1hbjrr,0.013657
t3_14xerk,0.205305
t3_o4np7,0.145848
t3_j6rve,0.333633
t3_zjzx0,0.790687
t3_wdhwu,0.122658
t3_1ii2m8,0.196493
t3_12jnd7,0.138331
t3_noqvy,0.204787
t3_1b0mtx,0.272863
t3_jrtbz,0.179517
t3_1nbmq4,0.361234
t3_13bycv,0.192684
t3_1d3knr,0.219240
t3_wogdg,0.641500
t3_11q44h,0.181045
t3_12nzg3,0.865083
t3_17tw9t,0.192531
t3_if2lx,0.130512
t3_1jun2m,0.181822
t3_19cylf,0.181541
t3_lagsc,0.256787
t3_jt3rn,0.148464
t3_1ibd5b,0.696219
t3_l7cxz,0.207908
t3_1ci2kn,0.165175
t3_lcdp2,0.165532
t3_1lfolk,1.119694
t3_1j8mbe,0.180667
t3_jx8ma,0.097481
t3_1cu42k,-0.001923
t3_kalpb,0.199592
t3_rt9rt,0.261587
t3_12lehd,0.243852
t3_kskxw,0.220939
t3_1n296f,0.192759
t3_lgsol,0.141590
t3_i82id,0.198501
t3_n5ee3,0.302477
t3_mw6mn,0.160496
t3_1c162l,0.335302
t3_ihvtc,0.285466
t3_154oxy,0.141631
t3_15qz4q,0.288438
t3_kqiam,0.150100
t3_n5s0d,0.313522
t3_10kx56,0.227032
t3_v1zxp,0.263492
t3_11oca5,0.211293
t3_lhtt9,0.335873
t3_o1sex,0.247595
t3_10opxp,0.129960
t3_11l9tf,0.154893
t3_wad1r,0.167726
t3_hz1m5,0.237302
t3_11ub4a,0.325269
t3_yrhwg,0.182659
t3_wapmb,0.149720
t3_1azh0f,0.226345
t3_1cyenp,0.224026
t3_m4a4w,0.187253
t3_16ei1j,0.345042
t3_17dp7q,0.150672
t3_1b1yue,0.280450
t3_128jt5,0.419775
t3_119agf,0.147819
t3_xbm38,0.250782
t3_1hplyt,0.204387
t3_yhdcj,0.139187
t3_1h7v40,0.154707
t3_qywp7,0.197759
t3_1mjo0g,0.293105
t3_i2gwx,0.204585
t3_x7px3,0.167792
t3_17crrn,0.203906
t3_15muo0,0.181054
t3_k70hk,0.244066
t3_iatwz,0.220576
t3_j55ss,0.270601
t3_1ah59z,1.105679
t3_1hg3ju,0.271210
t3_kfdgh,0.176170
t3_l61uc,0.142092
t3_w6c9t,0.214425
t3_m5gfe,0.234777
t3_1nuw9m,0.359930
t3_rc0s8,0.175089
t3_i2xbl,0.105138
t3_n04lh,0.137909
t3_ozr08,0.165015
t3_k5v9b,0.146676
t3_z1zks,0.101788
t3_q5yda,0.234533
t3_y3xyz,0.188179
t3_julqz,0.133801
t3_14tned,0.172373
t3_11ppkr,0.167906
t3_1cruvk,0.173646
t3_10gk0h,1.826620
t3_s3iwq,0.215510
t3_iqvav,0.114904
t3_lzc3o,0.265459
t3_wgfco,0.241964
t3_14tp3u,0.588810
t3_pgnfb,0.117146
t3_jf2ir,0.146420
t3_k4gza,0.127397
t3_10wg2c,0.170175
t3_if7p7,0.151032
t3_1mwaf9,0.179820
t3_m45jf,0.200487
t3_uf051,0.753111
t3_17mn5i,0.238325
t3_17gl52,0.185902
t3_iqvla,0.126603
t3_ldki5,0.221390
t3_1126jt,0.305851
t3_mvsb5,0.135429
t3_n32ze,0.162858
t3_gl7ef,0.172235
